Region,Sub-region,Country,Date Completed,1. At the woman's request,1a. To save a woman’s life,1b. To preserve a woman’s health,1c. To preserve a woman’s physical health,1d. To preserve a woman’s mental health,1e. In cases of intellectual or cognitive disability of the woman,1f. In cases of incest,1g. In cases of rape,1h. In cases of foetal impairment,1i. For economic or social reasons,1k. Other (please specify),2a. Gestational limit applies,2b. Authorization of health-care professional(s) required,2c. Parental consent required for minors,2d. Judicial authorization required for minors,2e. Husband’s consent required for married women,2f. Authorized in specially licensed facilities only,2g. Compulsory counselling,2h. Woman required to view ultrasound images and/or listen to foetal heartbeat,2i. Compulsory waiting period,2j. HIV test required,2k. Other STI test(s) required,2l. Police report required in case of rape,2m. Judicial authorization required in case of rape,2n. Prohibition of sex-selective abortion,2o. Other,8. Who can be criminally charged for an illegal abortion?
Africa,Northern Africa,Algeria,17 May 2022,No,Yes,No,No,No,No,No,No,No,No,,,Yes,,,,,,,,,,,,,,"Woman, Provider, Person who helps a woman obtain abortion"
Africa,Middle Africa,Angola,28 July 2022,No,Yes,No,Yes,Yes,No,No,No,,No,Sexual assault. Pregnancy which is the result of crime against freedom and sexual self-determination. There are strong reasons to believe that the foetus is unviable.,Yes,Yes,Yes,,,,,,Yes,,,Yes,,,,"Woman, Provider, Person who helps a woman obtain abortion"
Africa,Western Africa,Benin,07 December 2023,No,Yes,Yes,Yes,Yes,No,Yes,Yes,Yes,Yes,Claim of distress,Yes,No,Yes,,,Yes,,,,,,,,,"When the voluntary termination of pregnancy is envisaged for a pregnant adult under guardianship, the legal representative refers either directly to a doctor or to a social assistant who, on where applicable, refers her to a competent health structure. The consent of the adult under guardianship is obtained beforehand. In the event that there is no legal representative, the ""incapable adult"" brings her request to the social worker who refers her to a competent health structure and informs the guardianship judge who decides within eight (8) days.","Provider, Person who helps a woman obtain abortion"
Africa,Southern Africa,Botswana,9 April 2020,,Yes,,Yes,Yes,,Yes,Yes,Yes,,Defilement,Yes,Yes,,,,Yes,,,,,,,,,     ,"Woman, Provider, Person who helps a woman obtain abortion"
Africa,Western Africa,Burkina Faso,06 October 2022,No,Yes,Yes,No,No,No,Yes,Yes,Yes,No,Therapeutic indication,Yes,Yes,,,,,,,,,,,,,,"Woman, Provider, Person who helps a woman obtain abortion"
Africa,Eastern Africa,Burundi,11 May 2022,No,Yes,Yes,No,No,No,No,No,No,No,Therapeutic indication,,Yes,,,,,,,,,,,,,     ,"Woman, Provider, Person who helps a woman obtain abortion"
Africa,Western Africa,Cabo Verde,17 May 2022,Yes,Yes,No,Yes,Yes,No,Yes,Yes,Yes,No,Sexual assault and to prevent the transmission of a grave hereditary or contagious illness.,Yes,No,Yes,,,Yes,,,,,,,,,Women must request abortion through a formal request (form to complete) which needs to be validated by the director of the health institution.,"Woman, Provider, Person who helps a woman obtain abortion"
Africa,Middle Africa,Cameroon,11 May 2022,No,Yes,Yes,No,No,No,No,Yes,No,No,,Yes,Yes,Yes,,,,,,,,,Yes,,,,"Woman, Provider, Person who helps a woman obtain abortion"
Africa,Middle Africa,Central African Republic,11 July 2022,No,Yes,Yes,Yes,Yes,No,Yes,Yes,Yes,Yes,If a minor finds herself in a state of grave distress.,Yes,Yes,,,,No,,,Yes,No,No,Yes,,,,"Woman, Provider, Person who helps a woman obtain abortion"
Africa,Middle Africa,Chad,9 November 2018,No,Yes,Yes,Yes,Yes,No,Yes,Yes,Yes,No,Sexual assault,,Yes,,,,,,,,,,,,,     ,"Woman, Provider"
Africa,Eastern Africa,Comoros,17 May 2022,No,Yes,No,No,No,No,No,No,No,No,Very serious medical reasons,,Yes,,,,,,,,,,,,,,"Woman, Provider"
Africa,Middle Africa,Congo,11 May 2022,No,No,No,No,No,No,No,No,No,No,,,,,,,,,,,,,,,,     ,"Woman, Provider, Person who helps a woman obtain abortion"
Africa,Western Africa,Cote D'ivoire,17 March 2024,No,Yes,No,Yes,Yes,No,Yes,Yes,Yes,No,Sexual assault,,Yes,Yes,,,,,,,,,,,,,"Woman, Provider, Person who helps a woman obtain abortion"
Africa,Middle Africa,Democratic Republic of Congo,27 October 2022,No,Yes,Yes,Yes,Yes,No,Yes,Yes,Yes,Yes,"Safe abortion may be requested by women who need special medical treatment for heart disease, cancer, or other illnesses that may worsen the prognosis of the woman's disease, or other illnesses that can put the survival of the fetus at risk.",Yes,Yes,Yes,,No,No,,,,,,No,No,,,"Woman, Provider, Person who helps a woman obtain abortion"
Africa,Eastern Africa,Djibouti,9 November 2018,No,No,No,No,No,No,No,No,No,No,Abortion termination of pregnancy practiced by a physician for a therapeutic purpose in accordance with the Public Health Act,,,,,,,,,,,,,,,     ,"Woman, Provider, Person who helps a woman obtain abortion"
Africa,Northern Africa,Egypt,7 May 2017,No,Yes,Yes,No,No,No,No,No,No,No,,,Yes,,,,,,,,,,,,,     ,"Woman, Provider, Person who helps a woman obtain abortion"
Africa,Middle Africa,Equatorial Guinea,09 August 2022,No,Yes,Yes,No,No,No,No,No,No,No,,,Yes,,,Yes,No,,,,,,,,,,"Woman, Provider, Person who helps a woman obtain abortion"
Africa,Eastern Africa,Eritrea,9 November 2018,No,No,No,Yes,Yes,No,Yes,Yes,No,No,Termination performed on a girl under the age of 18.,,Yes,,,,,,,,,,,Yes,,     ,"Woman, Provider, Person who helps a woman obtain abortion"
Africa,Southern Africa,Eswatini,17 May 2022,No,Yes,No,Yes,Yes,No,Yes,Yes,Yes,No,"Unlawful sexual intercourse with a mentally retarded female.

On such other grounds as Parliament may prescribe.",,Yes,,,,,,,,,,,,,     ,
Africa,Eastern Africa,Ethiopia,06 January 2023,No,Yes,Yes,Yes,Yes,Yes,Yes,Yes,Yes,Yes,"Where the pregnant woman, owing to a physical or mental deficiency she suffers from or her minority, is physically as well as mentally unfit to bring up the child.”
In the case of grave and imminent danger which can be averted only by an immediate intervention.",Yes,,No,,,,No,,,,No,No,No,,"The Technical and Procedural Guidelines for Safe Abortion Services states that ""mentally disabled women should not be required to sign a consent form to obtain an abortion procedure.”","Woman, Provider, Person who helps a woman obtain abortion"
Africa,Middle Africa,Gabon,17 May 2022,No,Yes,No,No,No,No,Yes,Yes,Yes,No,When the pregnant woman is in a state of distress declared to a physician.,Yes,Yes,Yes,,,,,,,,,,,,,"Woman, Provider, Person who helps a woman obtain abortion"
Africa,Western Africa,Gambia,06 January 2023,,Yes,,,,,,,Yes,,     ,,Yes,,,,,,,,,,,,,     ,"Woman, Provider, Person who helps a woman obtain abortion"
Africa,Western Africa,Ghana,7 May 2017,No,Yes,No,Yes,Yes,No,Yes,Yes,Yes,No,Defilement of a female idiot,Yes,,No,,No,Yes,No,,,,No,No,,,     ,"Woman, Provider, Person who helps a woman obtain abortion"
Africa,Western Africa,Guinea,17 May 2022,No,Yes,Yes,No,No,No,Yes,Yes,Yes,No,Early pregnancy,,Yes,,,,,,,,,,,,,,"Provider, Person who helps a woman obtain abortion"
Africa,Western Africa,Guinea-Bissau,19 November 2018,,,,,,,,,,,,,,,,,,,,,,,,,,     ,"Woman, Provider, Person who helps a woman obtain abortion"
Africa,Eastern Africa,Kenya,17 May 2022,,Yes,Yes,Yes,Yes,,,,,,"Surgical operation upon any person for his benefit, or upon an unborn child for the preservation of the mother’s life, if the performance of the operation is reasonable, having regard to the patient’s state at the time and to all the circumstances of the case",Yes,Yes,Yes,,,,,,,,,,,,,"Woman, Provider, Person who helps a woman obtain abortion"
Africa,Southern Africa,Lesotho,7 May 2017,No,No,Yes,No,No,No,Yes,Yes,Yes,No,     ,,Yes,,,,,,,,,,,,,     ,"Provider, Person who helps a woman obtain abortion"
Africa,Western Africa,Liberia,06 January 2023,,,,Yes,Yes,,Yes,Yes,Yes,,"Pregnancy that results from felonious intercourse, in particular pregnancy that results from illicit intercourse with a girl below the age of sixteen",,Yes,,,,,,,,,,,,,,"Woman, Provider, Person who helps a woman obtain abortion"
Africa,Northern Africa,Libya,7 May 2017,No,Yes,No,No,No,No,No,No,No,No,     ,,Yes,,,,,,,,,,,,,     ,"Woman, Provider, Person who helps a woman obtain abortion"
Africa,Eastern Africa,Madagascar,7 May 2017,No,No,No,No,No,No,No,No,No,No,     ,,,,,,,,,,,,,,,     ,"Woman, Provider, Person who helps a woman obtain abortion"
Africa,Eastern Africa,Malawi,17 May 2022,,Yes,,,,,,,,,"Abortion is defined as the spontaneous or induced termination of pregnancy before foetal viability (28 weeks gestation is widely used in low-resource settings including Malawi. Safe termination of pregnancy may be required to preserve the life of the woman under the following circumstances, including but not limited to: • Obstetric & Gynecological Conditions, Heart and Vascular Diseases, kidney diseases, cancers, blood diseases, other conditions that place a woman’s life at risk. ",,,,,,No,,,,,,,,,,"Woman, Provider, Person who helps a woman obtain abortion"
Africa,Western Africa,Mali,7 May 2017,No,Yes,No,No,No,No,Yes,Yes,No,No,Therapeutic reasons,,,,,,,,,,,,,,,     ,"Woman, Provider, Person who helps a woman obtain abortion"
Africa,Western Africa,Mauritania,09 November 2021,No,Yes,No,No,No,No,No,No,No,No,Proven medical necessity,,Yes,,,,,,,,,,,,,,"Woman, Provider, Person who helps a woman obtain abortion"
Africa,Eastern Africa,Mauritius,22 April 2020,No,Yes,No,Yes,Yes,No,No,Yes,Yes,No,Sexual intercourse with a female under the age of 16 or sexual intercourse with a specified person,Yes,Yes,Yes,,,Yes,,,,,,Yes,,,     ,"Woman, Provider, Person who helps a woman obtain abortion"
Africa,Northern Africa,Morocco,7 May 2017,No,Yes,Yes,No,No,No,No,No,No,No,,Yes,Yes,Yes,,Yes,,,,,,,,,,     ,"Woman, Provider, Person who helps a woman obtain abortion"
Africa,Eastern Africa,Mozambique,24 September 2024,Yes,Yes,No,Yes,Yes,No,Yes,Yes,Yes,No,"If it is recommended in the case of chronic-degenerative diseases. 

Sexual violence, failure of a modern contraceptive method, the woman is infected with HIV/AIDS, the pregnancy is not wanted by a minor who is biologically, socially or psychologically unprepared.  

The committee of the health unit should examine cases not stipulated in the law on a case-by-case basis to ensure that the pregnant woman's access and sexual and reproductive rights is guaranteed.",Yes,,Yes,,,,,No,No,,,No,No,,,"Woman, Provider, Person who helps a woman obtain abortion"
Africa,Southern Africa,Namibia,7 May 2017,No,Yes,No,Yes,Yes,Yes,Yes,Yes,Yes,No,     ,,Yes,,,,Yes,,,,,,,Yes,,     ,"Woman, Provider, Person who helps a woman obtain abortion"
Africa,Western Africa,Niger,22 April 2020,No,Yes,Yes,No,No,No,No,No,Yes,No,     ,,Yes,,,,,,,,,,,,,     ,"Woman, Provider, Person who helps a woman obtain abortion"
Africa,Western Africa,Nigeria,06 October 2022,Law Varies By Jurisdiction,Law Varies By Jurisdiction,Law Varies By Jurisdiction,Law Varies By Jurisdiction,Law Varies By Jurisdiction,Law Varies By Jurisdiction,Law Varies By Jurisdiction,Law Varies By Jurisdiction,Law Varies By Jurisdiction,Law Varies By Jurisdiction,     ,,Yes,,,,,No,,,,,,,,     ,
Africa,Western Africa,Northern Nigeria,06 October 2022,No,Yes,No,No,No,No,No,No,,No,     ,,Yes,,,,,Yes,,,,,,,,     ,Provider
Africa,Western Africa,Southern Nigeria,06 October 2022,,Yes,,,,,,,,,     ,,Yes,,,,,No,,,,,,,,     ,"Woman, Provider, Person who helps a woman obtain abortion"
Africa,Eastern Africa,Rwanda,17 May 2022,No,Yes,Yes,Yes,Yes,No,Yes,Yes,Yes,No,,Yes,Yes,Yes,,No,,,,,No,No,No,No,,,"Woman, Provider, Person who helps a woman obtain abortion"
Africa,Middle Africa,Sao Tome and Principe,07 December 2023,Yes,Yes,No,Yes,Yes,No,Yes,Yes,Yes,No,For the body,Yes,No,Yes,,No,Yes,,,Yes,,,,,,     ,"Woman, Provider, Person who helps a woman obtain abortion"
Africa,Western Africa,Senegal,18 May 2022,No,,No,No,No,No,No,No,No,No,,,Yes,,,,,,,,,,,,,,"Woman, Provider, Person who helps a woman obtain abortion"
Africa,Eastern Africa,Seychelles,31 July 2019,,Yes,,Yes,Yes,Yes,Yes,Yes,Yes,,Defilement,Yes,Yes,Yes,,,Yes,,,,,,,Yes,,,"Woman, Provider, Person who helps a woman obtain abortion"
Africa,Western Africa,Sierra Leone,04 October 2022,,,,,,,,,,,,,,,,,,,,,,,,,,     ,"Woman, Provider, Person who helps a woman obtain abortion"
Africa,Eastern Africa,Somalia,7 May 2017,No,Yes,No,No,No,No,No,No,No,No,Cases of Necessity,,,,,,,,,,,,,,,     ,"Woman, Provider, Person who helps a woman obtain abortion"
Africa,Southern Africa,South Africa,07 December 2023,Yes,Yes,,Yes,Yes,No,Yes,Yes,Yes,Yes,     ,Yes,No,No,,No,Yes,No,No,,No,No,,,,,"Provider, Person who helps a woman obtain abortion"
Africa,Eastern Africa,South Sudan,7 May 2017,No,Yes,No,No,No,No,No,No,No,No,     ,,,,,,,,,,,,,,,     ,"Woman, Provider, Person who helps a woman obtain abortion"
Africa,Northern Africa,Sudan,7 May 2017,No,Yes,No,No,No,No,No,Yes,No,No,,Yes,,,,,,,,,,,,,,     ,"Woman, Person who helps a woman obtain abortion"
Africa,Western Africa,Togo,18 May 2022,No,Yes,Yes,No,No,No,Yes,Yes,Yes,No,,,Yes,,,,Yes,,,,,,,,,,"Woman, Provider, Person who helps a woman obtain abortion"
Africa,Northern Africa,Tunisia,18 December 2023,Yes,No,Yes,No,,No,No,No,Yes,No,When the mother’s psychological equilibrium risks being compromised by continuation of the pregnancy,Yes,No,,,,Yes,,,,,,,,,     ,"Woman, Provider, Person who helps a woman obtain abortion"
Africa,Eastern Africa,Uganda,09 November 2021,,Yes,,,,,,,,,"Surgical operation performed in good faith and with reasonable care and skill upon an unborn child for the preservation of the mother’s life, if the performance of the operation is reasonable, having regard to the patient’s state at the time, and to all the circumstances of the case",,,,,,,,,,,,,,,,"Woman, Provider, Person who helps a woman obtain abortion"
Africa,Eastern Africa,United Republic of Tanzania,24 April 2024,,Yes,,,,,,,,,,Yes,,,,,,,,,,,,,,     ,"Woman, Provider, Person who helps a woman obtain abortion"
Africa,Eastern Africa,Zambia,9 November 2018,,Yes,,Yes,Yes,,,,Yes,,Risk of injury to the physical or mental health of any existing children of the pregnant woman. Defilement.,Yes,Yes,Yes,,No,,,,,,,,,,     ,"Woman, Provider, Person who helps a woman obtain abortion"
Africa,Eastern Africa,Zimbabwe,17 May 2018,No,Yes,No,Yes,No,No,Yes,Yes,Yes,No,"Sexual intercourse in contravention of section 4 of the Sexual Offences Act [Chapter 9:21] which prohibits extra-marital sexual intercourse or immoral or indecent acts committed with an intellectually handicapped person. Additionally, the 2014 Guidelines for Comprehensive Abortion Care state that ""In Zimbabwe termination of pregnancy may be permitted for HIV positive women if they choose to do so."" ",Yes,Yes,No,No,,,,,,,,,Yes,,     ,"Woman, Provider, Person who helps a woman obtain abortion"
Asia,South-Central Asia,Afghanistan,7 May 2017,No,Yes,No,No,No,No,No,No,No,No,,,,,,,,,,,,,,,,     ,"Woman, Provider, Person who helps a woman obtain abortion"
Asia,Western Asia,Armenia,15 December 2023,Yes,Yes,Yes,,,,,Yes,Yes,,"Medical indications
Below 16 years of age
Above 45 years of age",Yes,,Yes,,,Yes,Yes,,Yes,,,,,Yes,"Below 16 years
Above 45 years",Provider
Asia,Western Asia,Azerbaijan,15 December 2023,Yes,,,,,,,,,,"The Law on the Protection of Public Health states that an abortion may be performed for social reasons during the first 22 weeks of pregnancy and for medical reasons at any time during pregnancy. A list of permitted medical conditions is outlined in the 2014 Guidelines. In the case of diseases that are not listed in this list, but pose a serious threat to a woman's health and life during pregnancy and childbirth, the issue of termination of pregnancy is decided by individual counseling. Abortion performed for medical reasons can be done at any time during pregnancy. Social indications for abortion are as follows: Husband's death during pregnancy; Having a child with disabilities in the family; a court order depriving or restricting parental rights; the woman has refugee or IDP status; lack of housing, living in a dormitory, private house, rent; Recognition of a woman or her husband as unemployed on the basis of established rules; Presence of a woman or her husband in places of imprisonment; Extramarital pregnancy; Dissolution of marriage during pregnancy; Pregnancy as a result of rape; Multiple childhood (5 or more children); Determination of 1-2 degree disability of the husband.",Yes,No,,,,,No,,,,,,,,,"Provider, Person who helps a woman obtain abortion"
Asia,Western Asia,Bahrain,7 May 2017,No,Yes,No,No,No,No,No,No,No,No,,,Yes,,,,Yes,,,,,,,,,     ,"Woman, Provider, Person who helps a woman obtain abortion"
Asia,South-Central Asia,Bangladesh,7 May 2017,No,Yes,No,No,No,No,No,No,No,No,Menstrual regulation is available on request for women with a last menstrual period of 10 weeks or less.,Yes,,Yes,,,,No,,,,,,,,,"Woman, Provider, Person who helps a woman obtain abortion"
Asia,South-Central Asia,Bhutan,14 November 2022,No,Yes,Yes,No,No,Yes,Yes,Yes,Yes,No,,,,Yes,,Yes,,,,,,,,,,,"Woman, Provider"
Asia,South-Eastern Asia,Brunei Darussalam,22 December 2022,No,Yes,No,No,No,No,No,No,No,No,     ,,Yes,,,,,,,,,,,,,     ,"Woman, Provider, Person who helps a woman obtain abortion"
Asia,South-Eastern Asia,Cambodia,07 December 2023,Yes,Yes,,,,,,Yes,Yes,,,Yes,No,Yes,,,Yes,,,,,Yes,,,,,"Provider, Person who helps a woman obtain abortion"
Asia,Eastern Asia,China,22 December 2022,Yes,Yes,Yes,Yes,,,,,Yes,,     ,,,,,,Yes,,,,,,,,Yes,,"Provider, Person who helps a woman obtain abortion"
Asia,Eastern Asia,Hong Kong Special Administrative region,22 December 2022,,Yes,,Yes,Yes,,Yes,Yes,Yes,,In the case of a woman who is with child before attaining the age of 16     ,Yes,Yes,,,,Yes,,,,,,Yes,,,     ,"Woman, Provider, Person who helps a woman obtain abortion"
Asia,Western Asia,Cyprus,28 November 2022,,Yes,,Yes,Yes,,Yes,Yes,Yes,,"Sexual abuse of an adult, a minor or a woman with a mental illness or disability.     ",Yes,Yes,Yes,,,,,,,,,,,,     ,"Woman, Provider, Person who helps a woman obtain abortion"
Asia,Eastern Asia,Democratic People’s Republic of Korea,7 May 2017,,,,,,,,,,,,,,,,,,,,,,,,,,,
Asia,Western Asia,Georgia,15 December 2023,Yes,Yes,,,,Yes,,Yes,Yes,,"The woman is below the age of 15 years or over the age of 49 years. Additionally, the Rules for the implementation of abortion state that abortion can be accessed between 12 and 22 weeks of gestation for medical and social indications. The 2023 amendments provide an updated list of conditions which fall under the medical indication. These include a range of physical disorders, mental disorders (section V) and congenital malformations, deformations and chromosomal abnormalities (section XIV).",Yes,No,Yes,,,Yes,Yes,,Yes,,,,Yes,Yes,,Provider
Asia,South-Eastern Asia,India,07 December 2023,No,Yes,No,Yes,Yes,No,No,No,Yes,No,"The following categories of women shall be considered eligible for termination of pregnancy under clause (b) of sub- section (2) Section 3 of the Act, for a period of up to twenty-four weeks, namely:-
(a) survivors of sexual assault or rape or incest;
(b) minors;
(c) change of marital status during the ongoing pregnancy (widowhood and divorce);
(d) women with physical disabilities [major disability as per criteria laid down under the Rights of Persons with Disabilities Act, 2016 (49 of 2016)];
(e) mentally ill women, including mental retardation;
(f) the foetal malformation that has substantial risk of being incompatible with life or if the child is born it may suffer from such physical or mental abnormalities to be seriously handicapped; and
(g) women with pregnancy in humanitarian settings or disaster or emergency situations as may be declared by the Government.

The anguish caused by the unwanted pregnancy in the following situations is presumed to cause grave injury to the mental health of the pregnant woman where there has been failure of any device or method used by a married woman or her husband for the purpose of limiting the number of children.",Yes,Yes,Yes,,No,Yes,No,,,,,No,No,Yes,"The Rights of Persons with Disabilities Act specifies that pregnancy termination cannot be performed on a woman with a disability without her express consent, except in cases where medical procedure for termination of pregnancy is done in severe cases of disability and with the opinion of a registered medical practitioner and also with the consent of the guardian of the woman with disability. However, the 2022 Training for Early Medical Abortion indicates that for mentally ill women, the consent of the guardian should be taken. ","Woman, Provider, Person who helps a woman obtain abortion"
Asia,South-Eastern Asia,Indonesia,18 December 2023,No,Yes,No,No,No,No,No,Yes,Yes,No,,Yes,Yes,,,Yes,Yes,Yes,,,,,Yes,,,,"Woman, Provider, Person who helps a woman obtain abortion"
Asia,South-Central Asia,Iran,7 May 2017,No,Yes,No,No,No,No,No,No,Yes,No,     ,Yes,Yes,,,,,,,,,,,,,Verification by the Forensic Examiner of foetal illness,"Provider, Person who helps a woman obtain abortion"
Asia,Western Asia,Iraq,13 July 2022,No,No,Yes,No,No,No,No,No,No,No,     ,,Yes,,,,,,,,,,,,,     ,"Woman, Provider, Person who helps a woman obtain abortion"
Asia,Western Asia,Israel,02 August 2022,No,Yes,No,Yes,Yes,No,Yes,Yes,Yes,No,"The woman is under the age of marriage (17 years old) or older than 40 years. 

The pregnancy is the result of extramarital relations.

To prevent grave irreparable injury to the woman.

The pregnancy was interrupted in the course of other medical treatment of the woman's body and , the pregnancy was not previously known to the physician and its interruption was necessary for that medical treatment.
",,Yes,No,,,Yes,,,,,,,,,     ,Provider
Asia,Eastern Asia,Japan,07 December 2023,No,Yes,Yes,Yes,No,No,No,Yes,No,Yes,     ,Yes,Yes,,,Yes,,,,,,,,,,,"Woman, Provider, Person who helps a woman obtain abortion"
Asia,Western Asia,Jordan,7 May 2017,No,Yes,Yes,No,No,No,No,No,No,No,     ,,Yes,,,,,,,,,,,,,     ,"Woman, Provider, Person who helps a woman obtain abortion"
Asia,South-Central Asia,Kazakhstan,06 January 2023,Yes,Yes,,,,,,,,,,Yes,No,Yes,,,No,Yes,,,,,,,,,Provider
Asia,Western Asia,Kuwait,7 May 2017,No,Yes,Yes,No,No,No,No,No,Yes,No,     ,Yes,Yes,,,Yes,Yes,,,,,,,,,,"Woman, Provider, Person who helps a woman obtain abortion"
Asia,South-Central Asia,Kyrgyzstan,15 December 2023,Yes,,,,,,,,Yes,,"Medical Indications  
Social Indications: the presence of disability I-II group from his wife and / or her husband; death of the husband during the wife's pregnancy; detention in prison of the woman or her husband; presence of court decision on deprivation or restriction of parental rights; woman’s or husband’s official status as unemployed; woman’s official status as a refugee or forced migrant; divorce during pregnancy; pregnancy as a result of rape; large family (five or more children); presence of a disabled child in the family; material insecurity (income per family member is less than the official living wage); the pregnant woman’s age is below 18 years.",Yes,No,Yes,,,Yes,Yes,,No,,,,,,,"Provider, Person who helps a woman obtain abortion"
Asia,South-Eastern Asia,Lao People's Democratic Republic,10 November 2021,,,,,,,,Yes,,,"Contraceptive failure 
Additional ""considering"" indications include if for example, woman has many children (more than 4 children), poor woman and gestational age is not more than 12 weeks.",Yes,Yes,,,,,,,,No,No,,,,,"Woman, Provider, Person who helps a woman obtain abortion"
Asia,Western Asia,Lebanon,18 March 2024,,Yes,,,,,,,,,,,Yes,,,,,,,,,,,,,,"Woman, Provider, Person who helps a woman obtain abortion"
Asia,South-Eastern Asia,Malaysia,07 December 2023,No,Yes,No,Yes,Yes,No,No,No,No,No,     ,Yes,Yes,Yes,,No,,No,No,Yes,No,No,,,,Consent for cognitively impaired women may be obtained from parent/guardian or doctors caring for her,"Woman, Provider, Person who helps a woman obtain abortion"
Asia,South-Central Asia,Maldives,14 November 2022,No,Yes,No,No,No,No,Yes,Yes,No,No,Sexual assault,,,,,,,,,,,,,,,,"Woman, Provider, Person who helps a woman obtain abortion"
Asia,Eastern Asia,Mongolia,14 November 2018,Yes,Yes,Yes,Yes,,Yes,Yes,Yes,Yes,,"If the woman is over the age of 40,  and she so wishes",Yes,Yes,Yes,,No,Yes,,,,,,,,,     ,Provider
Asia,South-Eastern Asia,Myanmar,18 December 2023,No,Yes,No,No,No,No,No,No,No,No,,,,,,,,,,,,,,,,,"Woman, Provider, Person who helps a woman obtain abortion"
Asia,South-Central Asia,Nepal,13 July 2022,Yes,Yes,No,Yes,Yes,No,Yes,Yes,Yes,No,Woman with human immune- deficiency virus (HIV) or other incurable disease.,Yes,Yes,Yes,,No,Yes,No,,,No,,,,Yes,,"Provider, Person who helps a woman obtain abortion"
Asia,Western Asia,Oman,13 July 2022,No,,No,No,No,No,No,No,,No,Abortion is permitted if the pregnancy causes the woman severe discomfort that she is unable to bear.,Yes,Yes,,,Yes,,,,,,,,,,"For any surgical procedure, it is necessary to obtain the written consent of the patient, his spouse, or one of his relatives up to the second degree, if he is incompetent, disputes it, or it is not possible to obtain his consent.","Woman, Provider, Person who helps a woman obtain abortion"
Asia,South-Central Asia,Pakistan,18 December 2023,No,Yes,No,No,No,No,No,No,No,No,For the purpose of providing necessary treatment to the woman,,Restriction Varies By Jurisdiction,,,,No,No,,,,,,,,,"Woman, Provider, Person who helps a woman obtain abortion"
Asia,South-Eastern Asia,Philippines,22 December 2022,No,No,No,No,No,No,No,No,No,No,     ,,,,,,,,,,,,,,,     ,"Woman, Provider, Person who helps a woman obtain abortion"
Asia,Western Asia,Qatar,13 July 2022,No,Yes,Yes,No,No,No,No,No,Yes,No,     ,Yes,Yes,,,Yes,,,,,,,,,,     ,"Woman, Provider"
Asia,Eastern Asia,Republic of Korea,22 December 2022,No,No,Yes,No,No,Yes,Yes,Yes,Yes,No,"Where the woman's spouse suffers from any eugenic or genetic mental disability, physical disease or contagious disease prescribed by Presidential Decree. Where the maintenance of pregnancy severely injures or might injure the health of the pregnant
woman for health or medical reasons.",Yes,,,,Yes,,,,,,,,,,     ,"Woman, Provider"
Asia,Western Asia,Saudi Arabia,28 November 2022,No,Yes,Yes,No,No,No,No,No,No,No,"A legitimate reason that does not include harm of hardship from raising a child or fear of being unable to pay for living expenses or education or the couple's feeling that they already have enough children,  The mother may suffer serious anticipated and verified harm if she continues the pregnancy.",Yes,Yes,Yes,,Yes,,,,,,,,,,     ,Provider
Asia,South-Eastern Asia,Singapore,22 December 2022,Yes,Yes,No,Yes,Yes,No,No,No,No,No,     ,Yes,,,,,Yes,,,Yes,,,,,,"Citizenship/Residency Requirements - To be eligible to receive an abortion in Singapore, women must be: 
1. Citizens of Singapore, or a wife of a citizen of Singapore 
2. A holder, or the wife of a holder, of a work pass issued under the Employment of Foreign Manpower Act 
3. A resident in Singapore for a period of at least 4 months immediately preceding the date on which such treatment is to be carried out 
4.Persons in exceptional circumstances, where an abortion is necessary to save the life of the pregnant woman.

Referral of unmarried girls below 16 years of age for pre-abortion counselling at the Institute of Health Counselling Centre (IOH) where a certificate of Attendance (COA) will be issued which the girl needs to produce in order to access an abortion","Woman, Provider, Person who helps a woman obtain abortion"
Asia,South-Central Asia,Sri Lanka,14 November 2022,No,Yes,No,No,No,No,No,No,No,No,,,,,,,,,,,,,,,,,"Provider, Person who helps a woman obtain abortion"
Asia,Western Asia,Syrian Arab Republic,7 May 2017,No,Yes,No,No,No,No,No,No,No,No,     ,,Yes,Yes,,Yes,,,,,,,,,,     ,"Woman, Provider, Person who helps a woman obtain abortion"
Asia,South-Central Asia,Tajikistan,14 November 2018,,,Yes,,,,,,,Yes,Health reasons. Social reasons ,,,Yes,,,,,,,,,,,Yes,,"Provider, Person who helps a woman obtain abortion"
Asia,South-Eastern Asia,Thailand,07 December 2023,Yes,No,No,Yes,Yes,No,No,Yes,Yes,No,,Yes,No,,,,No,No,,,,,,,,"Between 12 weeks and 20 weeks, an examination and alternative counselling from medical practitioners is required. These should be in line with the rules and procedures prescribed by the Minister of Public Health, and instructions of the Medical Council and related agencies as required by the law on the prevention and resolution of pregnancy problems in adolescence.","Woman, Provider, Person who helps a woman obtain abortion"
Asia,South-Eastern Asia,Timor Leste,14 November 2018,No,Yes,No,Yes,Yes,No,No,No,Yes,No,Serious and irreversible harm to the body,,Yes,,,Yes,,,,,,,,,,,"Woman, Provider"
Asia,Western Asia,Türkiye,15 December 2023,Yes,Yes,No,No,No,No,No,Yes,Yes,No,Listed diseases and conditions,Yes,No,Yes,Yes,Yes,,,,,,,,,,     ,"Woman, Provider, Person who helps a woman obtain abortion"
Asia,South-Central Asia,Turkmenistan,15 December 2023,Yes,,Yes,,,,,,,Yes,,Yes,No,Yes,,,Yes,,,,,,,,,,Provider
Asia,Western Asia,United Arab Emirates,7 May 2017,No,Yes,No,No,No,No,No,No,Yes,No,     ,Yes,Yes,,,Yes,,,,,,,,,,,"Provider, Person who helps a woman obtain abortion"
Asia,South-Central Asia,Uzbekistan,15 December 2023,Yes,,Yes,,,,,Yes,Yes,Yes,Medical contraindications for pregnancy,Yes,No,Yes,,,,,No,,,,,,,     ,Provider
Asia,South-Eastern Asia,Vietnam,22 December 2022,Yes,,,,,,,,,,,,,Yes,,,Yes,,,,,,,,Yes,,Provider
Asia,Western Asia,Yemen,7 May 2017,No,Yes,No,No,No,No,No,No,No,No,     ,,Yes,Yes,,Yes,,,,,,,,,,     ,"Woman, Provider"
Europe,Southern Europe,Albania,15 December 2023,Yes,Yes,Yes,No,No,No,Yes,Yes,Yes,Yes,     ,Yes,No,Yes,,No,,Yes,,Yes,,,,,,,"Provider, Person who helps a woman obtain abortion"
Europe,Southern Europe,Andorra,7 May 2017,No,No,No,No,No,No,No,No,No,No,     ,,,,,,,,,,,,,,,     ,"Provider, Person who helps a woman obtain abortion"
Europe,Western Europe,Austria,28 November 2022,No,Yes,No,Yes,Yes,No,No,No,Yes,No,If the girl was below the age of 14 when getting pregnant.,Yes,,Yes,,,Yes,,,,,,,,,,"Woman, Provider"
Europe,Eastern Europe,Belarus,28 November 2022,Yes,Yes,Yes,,,,,,,Yes,     ,Yes,Yes,,,,,,,,,,,,,,Provider
Europe,Western Europe,Belgium,15 December 2023,Yes,No,Yes,No,No,No,No,No,Yes,No,When it is certain that the unborn child will be suffering from an affection of a particular gravity and recognized as incurable at the time of the diagnosis,Yes,No,,,,Yes,Yes,,Yes,,,,,,,"Woman, Provider"
Europe,Southern Europe,Bosnia and Herzegovina,28 November 2022,Law Varies By Jurisdiction,Law Varies By Jurisdiction,Law Varies By Jurisdiction,Law Varies By Jurisdiction,Law Varies By Jurisdiction,Law Varies By Jurisdiction,Law Varies By Jurisdiction,Law Varies By Jurisdiction,Law Varies By Jurisdiction,Law Varies By Jurisdiction,,Restriction Varies By Jurisdiction,Restriction Varies By Jurisdiction,Restriction Varies By Jurisdiction,Restriction Varies By Jurisdiction,Restriction Varies By Jurisdiction,Restriction Varies By Jurisdiction,Restriction Varies By Jurisdiction,Restriction Varies By Jurisdiction,Restriction Varies By Jurisdiction,Restriction Varies By Jurisdiction,Restriction Varies By Jurisdiction,Restriction Varies By Jurisdiction,Restriction Varies By Jurisdiction,Restriction Varies By Jurisdiction,     ,
Europe,Southern Europe,Federation of Bosnia and Herzegovina,28 November 2022,,,,,,,,,,,,,,,,,,,,,,,,,,     ,"Provider, Person who helps a woman obtain abortion"
Europe,Southern Europe,Republika Srpska,28 November 2022,Yes,Yes,Yes,No,No,No,Yes,Yes,Yes,No,"Pregnancy as a result of a criminal offense, or psychosocial indications",Yes,Yes,Yes,,,Yes,Yes,,,,,,,,     ,"Provider, Person who helps a woman obtain abortion"
Europe,Eastern Europe,Bulgaria,15 December 2023,Yes,Yes,No,,,,,,,,"When pregnancy results from an act of violence, proven by the competent authorities. Additionally, the law states: A medical indication of abortion shall be made under Request of a pregnant woman in the presence of a disease, Undeniably proven and documented, in which the further course of pregnancy or confinement may endanger the life or health of the woman or the viability of the offspring listed in Annex 2 and during a pregnancy of no more than 20 gestational weeks.",Yes,No,,,,No,,,,,,,,,     ,Provider
Europe,Southern Europe,Croatia,15 December 2023,Yes,Yes,Yes,,,,Yes,Yes,Yes,,,Yes,No,Yes,,,Yes,,,,,,,,,"In case of a minor older than 16 years and not yet married, if the abortion may cause serious consequences or the gestational age is more than 10 weeks, a special commission is required to make the decision and inform the parents.","Provider, Person who helps a woman obtain abortion"
Europe,Eastern Europe,Czech Republic,15 December 2023,Yes,Yes,Yes,,,,Yes,Yes,Yes,,"Below 15 years old
Above  40 years old
Intrauterine contraceptive failure",Yes,No,Yes,,,,,,,,,,,,"Except in certain circumstances, a woman may not have an abortion if she has had one in the last six months.

A physician may deny a woman access to an abortion if the physician believes it is against her health interest.

Women are required to pay for abortions on request.

Abortions on women only temporarily staying in Czech Republic are restricted. Reimbursement for artificial termination of pregnancy for foreign women is governed by a special regulation. ",Person who helps a woman obtain abortion
Europe,Northern Europe,Denmark,28 July 2022,Yes,Yes,,Yes,Yes,,Yes,Yes,Yes,Yes,"Young age or immaturity resulting in inability to care for the child in a proper way.
List of sexual offences in the penal code.
Fetal reduction.",Yes,No,Yes,,No,Yes,No,,,,,,,,     ,"Provider, Person who helps a woman obtain abortion"
Europe,Northern Europe,Estonia,30 June 2022,Yes,,Yes,,,,,,Yes,,"Below the age of 15
Above the age of 45
The illness or health problem related to the pregnancy prevents the upbringing of the child.",Yes,No,,,,Yes,No,,,,,,,,     ,"Woman, Provider, Person who helps a woman obtain abortion"
Europe,Northern Europe,Finland,15 December 2023,Yes,Yes,Yes,,,,Yes,Yes,Yes,Yes,"The individual is below 17 years of age, or greater than 40 years of age; the woman already has four children; or the illness of one or both parents or another comparable reason seriously limits their ability to take care of the child. ",Yes,No,No,,,No,,,,No,No,Yes,,,,"Woman, Provider"
Europe,Western Europe,France,15 December 2023,Yes,,Yes,,,,,,Yes,,"Foetal reduction can be carried out when the multiple nature of the pregnancy seriously endangers the health of the woman, the fetuses or the embryos.",Yes,No,No,No,,No,No,,No,No,No,,,,,"Provider, Person who helps a woman obtain abortion"
Europe,Western Europe,Germany,15 December 2023,No,Yes,No,Yes,Yes,No,No,Yes,No,No,"Sexual abuse of persons unable to resist, sexual abuse of children",Yes,,No,,,,Yes,No,Yes,,,,,,,"Woman, Provider, Person who helps a woman obtain abortion"
Europe,Southern Europe,Greece,15 December 2023,Yes,Yes,No,Yes,Yes,No,Yes,Yes,Yes,No,The pregnancy results from sexual intercourse with a minor female or intercourse with a woman who is incapable of resisting.,Yes,No,Yes,,,,,,,,,,,,     ,"Woman, Provider, Person who helps a woman obtain abortion"
Europe,Southern Europe,Holy See / Vatican City State,7 May 2017,No,No,No,No,No,No,No,No,No,No,     ,,,,,,,,,,,,,,,     ,
Europe,Eastern Europe,Hungary,28 November 2022,No,Yes,Yes,No,No,No,Yes,Yes,Yes,Yes,The pregnant woman is in a severe crisis situation.,Yes,Yes,,,,Yes,Yes,,Yes,,,,,,,"Woman, Provider, Person who helps a woman obtain abortion"
Europe,Northern Europe,Iceland,15 December 2023,Yes,Yes,,,,,,,,,     ,Yes,No,No,,,Yes,No,,,,,,,,,"Woman, Provider, Person who helps a woman obtain abortion"
Europe,Northern Europe,Ireland,15 December 2023,Yes,Yes,Yes,Yes,Yes,No,No,No,No,No,"Condition affecting the foetus that
is likely to lead to the death of the foetus either before, or within 28 days of, birth",Yes,No,Yes,,,No,No,No,Yes,,No,,,,,"Provider, Person who helps a woman obtain abortion"
Europe,Southern Europe,Italy,11 July 2022,No,Yes,No,Yes,Yes,No,No,No,Yes,Yes,"Family circumstances

circumstances in which conception occurred",Yes,Yes,Yes,No,,Yes,,,Yes,,,,,,     ,"Woman, Provider, Person who helps a woman obtain abortion"
Europe,Northern Europe,Latvia,15 December 2023,Yes,,Yes,,,,,Yes,Yes,,Medical indications,Yes,No,Yes,,,,Yes,,Yes,,,Yes,,,,"Provider, Person who helps a woman obtain abortion"
Europe,Western Europe,Liechtenstein,14 November 2018,No,Yes,Yes,No,No,No,No,No,No,No,The pregnant woman was under the age of 15 at the time she got pregnant and was not married to the person who impregnated her at the time of conception or afterwards.,,,,,,,,,,,,,,,,"Woman, Provider, Person who helps a woman obtain abortion"
Europe,Northern Europe,Lithuania,15 December 2023,Yes,Yes,Yes,,,Yes,,,,,"Listed diseases , which also includes the following: Female physiological immaturity (13 years and younger); Late Reproductive Age (49 years and older). Listed congenital and chromosomal anomalies.",Yes,No,Yes,,No,,,,,No,Yes,,,,     ,"Provider, Person who helps a woman obtain abortion"
Europe,Western Europe,Luxembourg,15 December 2023,Yes,Yes,Yes,No,No,No,No,No,Yes,No,     ,Yes,No,Yes,,,Yes,No,,Yes,,,,,,     ,"Woman, Provider, Person who helps a woman obtain abortion"
Europe,Southern Europe,Malta,15 December 2023,No,Yes,No,No,No,No,No,No,No,No,To protect “the health of a woman suffering from a medical complication which may put her health in grave jeopardy which may lead to death.”,Yes,Yes,,,,,,,,,,,,,     ,"Woman, Provider, Person who helps a woman obtain abortion"
Europe,Western Europe,Monaco,17 June 2021,No,Yes,No,Yes,No,No,No,Yes,Yes,No,     ,Yes,Yes,Yes,No,,,,,,,,Yes,,,     ,"Provider, Person who helps a woman obtain abortion"
Europe,Southern Europe,Montenegro,15 December 2023,Yes,Yes,Yes,,,,Yes,Yes,Yes,,If the pregnancy or childbirth could lead to difficult personal or family circumstances,Yes,No,Yes,,,,,,Yes,,,,,Yes,"Before terminating a pregnancy, it is obligatory to determine the identity and blood group of the pregnant woman.","Provider, Person who helps a woman obtain abortion"
Europe,Western Europe,Netherlands,15 December 2023,No,Yes,Yes,No,No,No,No,No,Yes,No,"Distress, which leaves the woman no other choice",Yes,Yes,Yes,,,Yes,,,No,,,,,,,Provider
Europe,Southern Europe,North Macedonia,15 December 2023,Yes,Yes,Yes,No,No,No,Yes,Yes,Yes,No,,Yes,No,Yes,,,,,,,,,,,,,Provider
Europe,Northern Europe,Norway,13 December 2022,Yes,Yes,Yes,Yes,Yes,Yes,Yes,Yes,Yes,Yes,"When the pregnancy, birth or care of the child can put the woman in a difficult life situation. The law specifies that account must be taken in consideration of woman's overall situation, including her opportunities to take satisfactory care of the child. Significant emphasis must be placed on how the woman herself assesses her own situation. 

Selective foetal reduction in cases where one or more of the fetuses are removed due to disease in the fetus; foetal reduction in case of multiple multiple births with the purpose of reducing the number of fetuses based on random selection.",Yes,No,No,,No,Yes,No,,,,,,,,,Provider
Europe,Eastern Europe,Poland,15 December 2023,No,Yes,Yes,No,Yes,No,Yes,Yes,No,No,,Yes,Yes,Yes,No,,,,,Yes,,,,,,     ,"Provider, Person who helps a woman obtain abortion"
Europe,Southern Europe,Portugal,15 December 2023,Yes,Yes,No,Yes,Yes,No,No,No,Yes,No,The pregnancy resulted from a crime against freedom and sexual self-determination,Yes,No,Yes,,,Yes,Yes,,Yes,,,,,,     ,"Woman, Provider, Person who helps a woman obtain abortion"
Europe,Eastern Europe,Republic of Moldova,15 December 2023,Yes,Yes,Yes,,,Yes,Yes,Yes,Yes,,"Abortion is permitted in case of several social indications, which include where the age of the pregnant woman under 18 and over 40; pregnancy resulting from rape, incest or trafficking in human beings; divorce during pregnancy; death of the husband during pregnancy; deprivation of liberty or forfeiture of parental rights of one or both spouses; pregnant women in the process of migration; pregnant women with 5 or more children; pregnant women takes care of a child under 2 years old; or one or more family members with severe disability, who need care, according to the conclusion of the Vitality Medical Expertise Council;  or association of at least 2 circumstances: homelessness, lack of financial sources of existence, alcohol and / or drug abuse, acts of domestic violence, vagrancy. ",Yes,No,Yes,,,Yes,No,No,,,No,,,,,Provider
Europe,Eastern Europe,Romania,28 November 2022,No,Yes,No,No,No,No,No,No,Yes,No,Therapeutic Purposes,Yes,,,,,Yes,,,,,,,,,     ,Provider
Europe,Eastern Europe,Russian Federation,15 December 2023,Yes,,,,,,,Yes,Yes,Yes,Medical indications,Yes,No,Yes,,,,Yes,,Yes,Yes,,,,,"Artificial termination of pregnancy in an adult who has been recognized incapable in the manner prescribed by law, if she is unable to express her will due to her condition, is possible by a court decision taken at the request of her legal representative and with the participation of an adult who has been recognized incapable in accordance with the procedure established by law.",Provider
Europe,Southern Europe,San Marino,28 November 2022,Yes,Yes,No,Yes,Yes,No,Yes,Yes,No,No,,Yes,No,Yes,No,,No,No,,,,,Yes,,Yes,,"Woman, Provider"
Europe,Southern Europe,Serbia,14 November 2018,Yes,Yes,Yes,No,No,No,Yes,Yes,Yes,No,     ,Yes,Yes,Yes,,,,,,No,No,Yes,,,,     ,"Provider, Person who helps a woman obtain abortion"
Europe,Eastern Europe,Slovakia,15 December 2023,Yes,Yes,Yes,No,No,No,Yes,No,Yes,No,Conception before the age of 18 or after the age of 40;  Contraceptive failure; If the there is a reasonable suspicion that the woman became pregnant as a result of a crime. There is also a detailed list of health indications when abortion can be performed after 12 weeks. The list includes various conditions related to physical and mental health.,Yes,Yes,Yes,,,,Yes,,Yes,,,,,,"Artificial termination of pregnancy according to § 4 will not be performed on foreigners who are in Slovakia socialist Republic only temporarily. Abortion on request cannot be performed in cases of certain health contraindications. Contraindications include: (1) if it is less than 6 months after previous pregnancy termination (except for the situations when a woman has already given birth twice; she is 35 years old; or there is a justified suspicion that the pregnancy is a result of crime), or if the woman's health status substantially increases health risks associated with induced abortion.","Provider, Person who helps a woman obtain abortion"
Europe,Southern Europe,Slovenia,15 December 2023,Yes,Yes,Yes,,,,,,,,Risk to woman’s future motherhood,Yes,No,No,,,Yes,,,,,,,,,     ,"Provider, Person who helps a woman obtain abortion"
Europe,Southern Europe,Spain,15 December 2023,Yes,Yes,Yes,Yes,Yes,No,No,No,Yes,Yes,     ,Yes,No,Yes,,,No,No,,,,,,,,,"Woman, Provider, Person who helps a woman obtain abortion"
Europe,Northern Europe,Sweden,15 December 2023,Yes,Yes,Yes,,,,,,,,,Yes,No,,,,,,,,,,,,,     ,"Provider, Person who helps a woman obtain abortion"
Europe,Western Europe,Switzerland - August 2022,22 August 2022,No,No,No,No,No,No,No,No,No,No,When abortion is necessary to eliminate the danger of a serious injury to the physical integrity or a state of deep distress of the pregnant woman. When the woman provides a written request alleging she is in distress or to avert the danger of serious harm to physical integrity.  ,Yes,Yes,,,,Yes,No,,,,,,,,,"Woman, Provider, Person who helps a woman obtain abortion"
Europe,Western Europe,Aargau,22 August 2022,No,No,No,No,No,No,No,No,No,No,"When abortion is necessary to eliminate the danger of a serious injury to the physical integrity or a state of deep distress of the pregnant woman. 

When the woman provides a written request alleging she is in distress or to avert the danger of serious harm to physical integrity
",Yes,Yes,,,,Yes,No,,,,,,,,,"Woman, Provider, Person who helps a woman obtain abortion"
Europe,Western Europe,Appenzell Ausserrhoden,22 August 2022,No,No,No,No,No,No,No,No,No,No,"When abortion is necessary to eliminate the danger of a serious injury to the physical integrity or a state of deep distress of the pregnant woman. 

When the woman provides a written request alleging she is in distress or to avert the danger of serious harm to physical integrity.
",Yes,Yes,,,,Yes,No,,,,,,,,,"Woman, Provider, Person who helps a woman obtain abortion"
Europe,Western Europe,Appenzell Innerrhoden,22 August 2022,No,No,No,No,No,No,No,No,No,No,"When abortion is necessary to eliminate the danger of a serious injury to the physical integrity or a state of deep distress of the pregnant woman. 

When the woman provides a written request alleging she is in distress or to avert the danger of serious harm to physical integrity.
",Yes,Yes,,,,Yes,No,,,,,,,,,"Woman, Provider, Person who helps a woman obtain abortion"
Europe,Western Europe,Basel-Landschaft,22 August 2022,No,No,No,No,No,No,No,No,No,No,"When abortion is necessary to eliminate the danger of a serious injury to the physical integrity or a state of deep distress of the pregnant woman. 

When the woman provides a written request alleging she is in distress or to avert the danger of serious harm to physical integrity
",Yes,Yes,,,,Yes,No,,,,,,,,,"Woman, Provider, Person who helps a woman obtain abortion"
Europe,Western Europe,Basel-Stadt,22 August 2022,No,No,No,No,No,No,No,No,No,No,"When abortion is necessary to eliminate the danger of a serious injury to the physical integrity or a state of deep distress of the pregnant woman. 

When the woman provides a written request alleging she is in distress or to avert the danger of serious harm to physical integrity.
",Yes,Yes,,,,Yes,No,,,,,,,,,"Woman, Provider, Person who helps a woman obtain abortion"
Europe,Western Europe,Bern,22 August 2022,No,No,No,No,No,No,No,No,No,No,"When abortion is necessary to eliminate the danger of a serious injury to the physical integrity or a state of deep distress of the pregnant woman. 

When the woman provides a written request alleging she is in distress or to avert the danger of serious harm to physical integrity.
",Yes,Yes,,,,Yes,No,,,,,,,,,"Woman, Provider, Person who helps a woman obtain abortion"
Europe,Western Europe,Fribourg,22 August 2022,No,No,No,No,No,No,No,No,No,No,"When abortion is necessary to eliminate the danger of a serious injury to the physical integrity or a state of deep distress of the pregnant woman. 

When the woman provides a written request alleging she is in distress or to avert the danger of serious harm to physical integrity.
",Yes,Yes,,,,Yes,No,,,,,,,,,"Woman, Provider, Person who helps a woman obtain abortion"
Europe,Western Europe,Genève,22 August 2022,No,No,No,No,No,No,No,No,No,No,"When abortion is necessary to eliminate the danger of a serious injury to the physical integrity or a state of deep distress of the pregnant woman. 

When the woman provides a written request alleging she is in distress or to avert the danger of serious harm to physical integrity.
",Yes,Yes,,,,Yes,No,,,,,,,,,"Woman, Provider, Person who helps a woman obtain abortion"
Europe,Western Europe,Graubünden,22 August 2022,No,No,No,No,No,No,No,No,No,No,"When abortion is necessary to eliminate the danger of a serious injury to the physical integrity or a state of deep distress of the pregnant woman. 

When the woman provides a written request alleging she is in distress or to avert the danger of serious harm to physical integrity.
",Yes,Yes,,,,Yes,No,,,,,,,,,"Woman, Provider, Person who helps a woman obtain abortion"
Europe,Western Europe,Jura,22 August 2022,No,No,No,No,No,No,No,No,No,No,"When abortion is necessary to eliminate the danger of a serious injury to the physical integrity or a state of deep distress of the pregnant woman. 

When the woman provides a written request alleging she is in distress or to avert the danger of serious harm to physical integrity
",Yes,Yes,,,,Yes,No,,,,,,,,,"Woman, Provider, Person who helps a woman obtain abortion"
Europe,Western Europe,Luzern,22 August 2022,No,No,No,No,No,No,No,No,No,No,"When abortion is necessary to eliminate the danger of a serious injury to the physical integrity or a state of deep distress of the pregnant woman. 

When the woman provides a written request alleging she is in distress or to avert the danger of serious harm to physical integrity.
",Yes,Yes,,,,Yes,No,,,,,,,,,"Woman, Provider, Person who helps a woman obtain abortion"
Europe,Western Europe,Neuchâtel,22 August 2022,No,No,No,No,No,No,No,No,No,No,"When abortion is necessary to eliminate the danger of a serious injury to the physical integrity or a state of deep distress of the pregnant woman. 

When the woman provides a written request alleging she is in distress or to avert the danger of serious harm to physical integrity.
",Yes,Yes,,,,,No,,,,,,,,,"Woman, Provider, Person who helps a woman obtain abortion"
Europe,Western Europe,Nidwalden,22 August 2022,No,No,No,No,No,No,No,No,No,No,"When abortion is necessary to eliminate the danger of a serious injury to the physical integrity or a state of deep distress of the pregnant woman. 

When the woman provides a written request alleging she is in distress or to avert the danger of serious harm to physical integrity.
",Yes,Yes,,,,Yes,No,,,,,,,,,"Woman, Provider, Person who helps a woman obtain abortion"
Europe,Western Europe,Obwalden,22 August 2022,No,No,No,No,No,No,No,No,No,No,"When abortion is necessary to eliminate the danger of a serious injury to the physical integrity or a state of deep distress of the pregnant woman. 

When the woman provides a written request alleging she is in distress or to avert the danger of serious harm to physical integrity.",Yes,Yes,,,,Yes,No,,,,,,,,,"Woman, Provider, Person who helps a woman obtain abortion"
Europe,Western Europe,Schaffhausen,22 August 2022,No,No,No,No,No,No,No,No,No,No,"When abortion is necessary to eliminate the danger of a serious injury to the physical integrity or a state of deep distress of the pregnant woman. 

When the woman provides a written request alleging she is in distress or to avert the danger of serious harm to physical integrity.",Yes,Yes,,,,Yes,No,,,,,,,,,"Woman, Provider, Person who helps a woman obtain abortion"
Europe,Western Europe,Schwyz,22 August 2022,No,No,No,No,No,No,No,No,No,No,"When abortion is necessary to eliminate the danger of a serious injury to the physical integrity or a state of deep distress of the pregnant woman. 

When the woman provides a written request alleging she is in distress or to avert the danger of serious harm to physical integrity.
",Yes,Yes,,,,Yes,No,,,,,,,,,"Woman, Provider, Person who helps a woman obtain abortion"
Europe,Western Europe,Solothurn,22 August 2022,No,No,No,No,No,No,No,No,No,No,"When abortion is necessary to eliminate the danger of a serious injury to the physical integrity or a state of deep distress of the pregnant woman. 

When the woman provides a written request alleging she is in distress or to avert the danger of serious harm to physical integrity.
",Yes,Yes,,,,Yes,No,,,,,,,,,"Woman, Provider, Person who helps a woman obtain abortion"
Europe,Western Europe,St Gallen,22 August 2022,No,No,No,No,No,No,No,No,No,No,"When abortion is necessary to eliminate the danger of a serious injury to the physical integrity or a state of deep distress of the pregnant woman. 

When the woman provides a written request alleging she is in distress or to avert the danger of serious harm to physical integrity.",Yes,Yes,,,,Yes,No,,,,,,,,"In the case of a pregnancy after 12 weeks of gestation, the doctor must consult with the clinic in which the abortion is intended to be carry out. The clinic concerned may refuse to authorize the abortion when the pregnancy is at an advanced stage.","Woman, Provider, Person who helps a woman obtain abortion"
Europe,Western Europe,Thurgau,22 August 2022,No,No,No,No,No,No,No,No,No,No,"When abortion is necessary to eliminate the danger of a serious injury to the physical integrity or a state of deep distress of the pregnant woman. 

When the woman provides a written request alleging she is in distress or to avert the danger of serious harm to physical integrity.",Yes,Yes,,,,Yes,No,,,,,,,,,"Woman, Provider, Person who helps a woman obtain abortion"
Europe,Western Europe,Ticino,22 August 2022,No,No,No,No,No,No,No,No,No,No,"When abortion is necessary to eliminate the danger of a serious injury to the physical integrity or a state of deep distress of the pregnant woman. 

When the woman provides a written request alleging she is in distress or to avert the danger of serious harm to physical integrity.
",Yes,Yes,No,,,Yes,No,,,,,,,,,"Woman, Provider, Person who helps a woman obtain abortion"
Europe,Western Europe,Uri,22 August 2022,No,No,No,No,No,No,No,No,No,No,"When abortion is necessary to eliminate the danger of a serious injury to the physical integrity or a state of deep distress of the pregnant woman. 

When the woman provides a written request alleging she is in distress or to avert the danger of serious harm to physical integrity.",Yes,Yes,,,,Yes,No,,,,,,,,,"Woman, Provider, Person who helps a woman obtain abortion"
Europe,Western Europe,Valais,22 August 2022,No,No,No,No,No,No,No,No,No,No,"When abortion is necessary to eliminate the danger of a serious injury to the physical integrity or a state of deep distress of the pregnant woman. 

When the woman provides a written request alleging she is in distress or to avert the danger of serious harm to physical integrity.",Yes,Yes,,,,Yes,No,,,,,,,,,"Woman, Provider, Person who helps a woman obtain abortion"
Europe,Western Europe,Vaud,22 August 2022,No,No,No,No,No,No,No,No,No,No,"When abortion is necessary to eliminate the danger of a serious injury to the physical integrity or a state of deep distress of the pregnant woman. 

When the woman provides a written request alleging she is in distress or to avert the danger of serious harm to physical integrity.",Yes,Yes,,,,Yes,No,,,,,,,,,"Woman, Provider, Person who helps a woman obtain abortion"
Europe,Western Europe,Zug,22 August 2022,No,No,No,No,No,No,No,No,No,No,"When abortion is necessary to eliminate the danger of a serious injury to the physical integrity or a state of deep distress of the pregnant woman. 

When the woman provides a written request alleging she is in distress or to avert the danger of serious harm to physical integrity.
",Yes,Yes,,,,Yes,No,,,,,,,,,"Woman, Provider, Person who helps a woman obtain abortion"
Europe,Western Europe,Zurich,22 August 2022,No,No,No,No,No,No,No,No,No,No,"When abortion is necessary to eliminate the danger of a serious injury to the physical integrity or a state of deep distress of the pregnant woman. 

When the woman provides a written request alleging she is in distress or to avert the danger of serious harm to physical integrity.",Yes,Yes,,,,Yes,No,,,,,,,,,"Woman, Provider, Person who helps a woman obtain abortion"
Europe,Eastern Europe,Ukraine,7 May 2017,Yes,Yes,Yes,,,Yes,,Yes,Yes,,Woman is less than 15 or more than 45 years old or has one of the listed diseases.,Yes,,Yes,,,,Yes,,,,,,,,     ,Provider
Europe,Northern Europe,United Kingdom of Great Britain and Northern Ireland,11 July 2022,,Yes,,Yes,Yes,,,,Yes,,"The continuance of the pregnancy would involve risk, greater than if the pregnancy were terminated, of injury to the physical or mental health of the pregnant woman or any existing children of her family.",Yes,Yes,No,,,,,,No,No,No,,,,     ,"Woman, Provider, Person who helps a woman obtain abortion"
Europe,Northern Europe,Guernsey,11 July 2022,,Yes,,Yes,Yes,,,,Yes,,"The continuance of the pregnancy would involve risk, greater than if the pregnancy were terminated, of injury to the physical or mental health of the pregnant woman or any existing children of her family.",Yes,Yes,,,,,,,,,,,,,,"Provider, Person who helps a woman obtain abortion"
Europe,Northern Europe,Isle of Man,11 July 2022,Yes,Yes,Yes,No,No,No,Yes,Yes,Yes,Yes,Other unlawful intercourse (distinct from rape and incest),Yes,Yes,No,,,Yes,Yes,,,,,,,Yes,"The pregnant woman is ordinarily resident in the Island or requires the provision of those services in an emergency, in the opinion formed in good faith, of the registered medical practitioner treating her.","Provider, Person who helps a woman obtain abortion"
Europe,Northern Europe,Jersey,11 July 2022,,Yes,,Yes,Yes,,,,Yes,,The woman’s condition causes her distress,Yes,Yes,,,,Yes,Yes,,Yes,,,,,,"In cases where the woman’s condition causes her distress: On the day the termination is carried out, the woman is ordinarily resident in Jersey or has been resident in Jersey for the period of 90 days immediately preceding that day.",
Europe,Northern Europe,Northern Ireland,11 July 2022,Yes,Yes,,Yes,Yes,,,,Yes,,,Yes,Yes,,,,,,,,,,,,,,"Provider, Person who helps a woman obtain abortion"
Latin America,Caribbean,Antigua and Barbuda,22 April 2020,,,,,,,,,,,     ,,,,,,,,,,,,,,,     ,"Woman, Provider, Person who helps a woman obtain abortion"
Latin America,South America,Argentina,18 December 2023,Yes,Yes,Yes,Yes,Yes,No,No,Yes,No,Yes,,Yes,No,No,No,No,,No,No,,No,,No,No,,"A woman seeking abortion where the pregnancy is the result of rape and the pregnancy has exceeded 14 weeks, must make a statement to the health professional explaining that the pregnancy is sue to rape. If the girl is below 13 years of age she does not have to make a declaration to the medical professional in order to access under this ground.

The 2021 law states, however, that if a ""person with restricted capacity"" has been ""declared judicially incapable"", then they must provide their consent with the assistance of their legal representative or, in the absence or absence of this , that of a relative, in the terms of article 59 of the Civil and Commercial Code of the Nation. 

In the absence of a consenting party, the doctor can dispense with the consent if their action is urgent and is intended to prevent serious harm to the patient.","Woman, Provider, Person who helps a woman obtain abortion"
Latin America,Caribbean,Bahamas,7 May 2017,,,,,,,,,,,,,,,,,,,,,,,,,,     ,"Woman, Provider, Person who helps a woman obtain abortion"
Latin America,Caribbean,Barbados,02 September 2022,,Yes,,Yes,Yes,,,,Yes,,,,Yes,Yes,,,Yes,Yes,,,,,,,,,"Woman, Provider, Person who helps a woman obtain abortion"
Latin America,Central America,Belize,15 February 2019,,Yes,,Yes,Yes,,,,Yes,,     ,,Yes,,,,,,,,,,,,,     ,"Woman, Provider, Person who helps a woman obtain abortion"
Latin America,South America,Bolivia,24 April 2024,,Yes,Yes,Yes,Yes,,Yes,Yes,No,,"Kidnapping, non-marriage, statutory rape

Therapeutic indications. ",,No,,,,,,,,No,No,No,No,,,"Woman, Provider, Person who helps a woman obtain abortion"
Latin America,South America,Brazil,18 December 2023,No,Yes,No,No,No,No,No,Yes,No,No,To prevent therapeutic anticipation of delivery in the case of anencephalic fetus.,Yes,,Yes,No,No,,,No,,,,No,,,,"Woman, Provider, Person who helps a woman obtain abortion"
Latin America,South America,Chile,17 November 2022,No,Yes,No,No,No,No,No,Yes,No,No,"The embryo or fetus has an acquired or genetic congenital pathology, incompatible with independent extrauterine life, in any case of a lethal nature. No gestational limit is specified. ",Yes,Yes,Yes,,,,Yes,,,,,,,,"In the case of people with sensory disabilities, whether visual or auditory, as well as in the case of people with mental, psychic or intellectual disabilities, who have not been declared interdicted and who cannot make themselves understood in writing, alternative means will be available. of communication to give their consent, in accordance with the provisions of Law No. 20,422 and the Convention on the Rights of Persons with Disabilities. If the woman has been judicially declared interdicted due to insanity, the authorization of their legal representative must be obtained, and their opinion must always be taken into consideration, unless their incapacity prevents it from being known.","Woman, Provider, Person who helps a woman obtain abortion"
Latin America,South America,Colombia,18 December 2023,No,Yes,Yes,Yes,Yes,No,Yes,Yes,No,No,The pregnancy is the result of a criminal act of unwanted artificial insemination or unwanted implantation of a fertilized ovum. When there is serious malformation of the fetus that makes its life unfeasible.,Yes,No,No,No,No,No,No,No,No,No,No,Yes,No,,,"Woman, Provider, Person who helps a woman obtain abortion"
Latin America,Central America,Costa Rica,9 April 2020,No,Yes,Yes,No,No,No,No,No,No,No,     ,,Yes,No,,,,,,,,,,,,     ,"Woman, Provider, Person who helps a woman obtain abortion"
Latin America,Caribbean,Cuba,18 December 2023,Yes,Yes,Yes,,,,,Yes,Yes,Yes,Mental condition giving rise to severe depression (risk of suicide) and a list of other medical conditions is provided. ,Yes,No,Yes,,,Yes,,,,,,,,,,"Provider, Person who helps a woman obtain abortion"
Latin America,Caribbean,Dominica,7 May 2017,,,,,,,,,,,     ,,,,,,,,,,,,,,,     ,"Woman, Provider, Person who helps a woman obtain abortion"
Latin America,Caribbean,Dominican Republic,7 May 2017,No,No,No,No,No,No,No,No,No,No,     ,,,,,,,,,,,,,,,     ,"Woman, Provider, Person who helps a woman obtain abortion"
Latin America,South America,Ecuador,15 June 2021,No,Yes,Yes,Yes,Yes,No,No,Yes,No,Yes,     ,,,,,No,,,,,,,,,,,"Woman, Provider, Person who helps a woman obtain abortion"
Latin America,Central America,El Salvador,7 May 2017,No,No,No,No,No,No,No,No,No,No,     ,,,,,,,,,,,,,,,     ,"Woman, Provider, Person who helps a woman obtain abortion"
Latin America,Caribbean,Grenada,7 May 2017,,,,,,,,,,,"Any act which is done, in good faith and without negligence, for the purpose of medical or surgical treatment of a pregnant woman is justifiable, although it causes or is intended to cause abortion or miscarriage, or premature delivery, or the death of the child.",,,,,,,,,,,,,,,     ,"Woman, Provider, Person who helps a woman obtain abortion"
Latin America,Central America,Guatemala,7 May 2017,No,Yes,No,No,No,No,No,No,No,No,     ,,Yes,,,,,,,,,,,,,,"Woman, Provider, Person who helps a woman obtain abortion"
Latin America,South America,Guyana,18 December 2023,Yes,Yes,,Yes,Yes,Yes,Yes,Yes,Yes,,Where the pregnant woman is known to be HIV positive or where there is clear evidence that the pregnancy resulted in spite of the use in good faith of a recognized contraceptive method by the pregnant woman or her partner.,Yes,Restriction Varies By Jurisdiction,No,,No,Yes,Yes,,Yes,,,,,,     ,"Woman, Provider, Person who helps a woman obtain abortion"
Latin America,Caribbean,Haiti,7 May 2017,No,No,No,No,No,No,No,No,No,No,     ,,,,,,,,,,,,,,,     ,"Woman, Provider, Person who helps a woman obtain abortion"
Latin America,Central America,Honduras,15 June 2021,No,,,No,No,No,,,,No,     ,,,,,,,,,,,,,,,     ,"Woman, Provider, Person who helps a woman obtain abortion"
Latin America,Caribbean,Jamaica,7 May 2017,,,,,,,,,,,     ,,,,,,,,,,,,,,,     ,"Woman, Provider, Person who helps a woman obtain abortion"
Latin America,Central America,Mexico,20 March 2023,Law Varies By Jurisdiction,Law Varies By Jurisdiction,Law Varies By Jurisdiction,Law Varies By Jurisdiction,Law Varies By Jurisdiction,Law Varies By Jurisdiction,Law Varies By Jurisdiction,Yes,Law Varies By Jurisdiction,Law Varies By Jurisdiction,,Restriction Varies By Jurisdiction,Restriction Varies By Jurisdiction,Restriction Varies By Jurisdiction,Restriction Varies By Jurisdiction,Restriction Varies By Jurisdiction,Restriction Varies By Jurisdiction,Restriction Varies By Jurisdiction,No,Restriction Varies By Jurisdiction,Restriction Varies By Jurisdiction,Restriction Varies By Jurisdiction,No,No,Restriction Varies By Jurisdiction,     ,
Latin America,Central America,Aguascalientes,20 March 2023,No,Yes,No,No,No,No,No,Yes,No,No,,,Yes,,,,,,No,,,,No,No,,,"Woman, Provider, Person who helps a woman obtain abortion"
Latin America,Central America,Baja California,20 March 2023,Yes,No,Yes,Yes,Yes,No,No,Yes,Yes,Yes,The pregnancy is the result of non-consensual artificial insemination.,Yes,No,,,,,,No,,,,No,No,,,"Woman, Provider"
Latin America,Central America,Baja California Sur,20 March 2023,Yes,Yes,Yes,Yes,Yes,No,No,Yes,Yes,Yes,The pregnancy is the result of non-consensual artificial insemination.,Yes,No,,,,,,No,,,,No,No,,,"Woman, Provider, Person who helps a woman obtain abortion"
Latin America,Central America,Campeche,20 March 2023,No,No,Yes,Yes,Yes,No,No,Yes,No,Yes,,Yes,Yes,,,,,,No,,,,,,,,"Woman, Provider, Person who helps a woman obtain abortion"
Latin America,Central America,Chiapas,20 March 2023,No,Yes,No,No,No,No,No,Yes,Yes,No,,Yes,Yes,Yes,,,,,No,,,,No,No,,,"Woman, Provider, Person who helps a woman obtain abortion"
Latin America,Central America,Chihuahua,20 March 2023,No,No,Yes,Yes,No,No,No,Yes,No,Yes,The pregnancy is the result of non-consensual artificial insemination.,Yes,Yes,,,,,,No,,,,No,No,,,"Woman, Provider, Person who helps a woman obtain abortion"
Latin America,Central America,Coahuila,20 March 2023,No,Yes,Yes,Yes,Yes,No,No,Yes,Yes,Yes,When the pregnancy is the result of non-consensual artificial insemination or implantation of an egg in any of the cases referred to in articles 240 and 241 of the Coahuila Penal Code.,Yes,Yes,,,,,,No,,,,No,No,,,Provider
Latin America,Central America,Colima,20 March 2023,Yes,Yes,Yes,Yes,Yes,No,No,Yes,Yes,Yes,"The pregnancy is the result of non-consensual artificial insemination.
When an authority had previously denied the possibility of interrupting her pregnancy within the period of the first twelve weeks of gestation",Yes,No,,,,,,No,,,,No,No,,,"Woman, Provider, Person who helps a woman obtain abortion"
Latin America,Central America,Durango,20 March 2023,No,Yes,No,No,No,No,No,Yes,No,No,,,Yes,,,,,,No,,,,,,,,"Woman, Provider, Person who helps a woman obtain abortion"
Latin America,Central America,Estado de Mexico,20 March 2023,No,Yes,No,No,No,No,No,Yes,No,No,,,Yes,,,,,,,,,,No,No,,,"Woman, Provider"
Latin America,Central America,Guanajuato,20 March 2023,No,No,No,No,No,No,No,Yes,No,No,,,,,,,,,No,,,,No,No,,,"Woman, Provider"
Latin America,Central America,Guerrero,20 March 2023,Yes,Yes,Yes,Yes,Yes,No,No,Yes,Yes,Yes,"The pregnancy is the result of non-consensual artificial insemination.

When it is proven by any means that some authority has denied the pregnant woman the possibility of terminating her pregnancy within the first twelve weeks of gestation.",Yes,No,,,,,,No,,,,No,No,,,"Provider, Person who helps a woman obtain abortion"
Latin America,Central America,Hidalgo,20 March 2023,Yes,Yes,Yes,Yes,Yes,No,No,Yes,Yes,Yes,Artificial insemination,Yes,No,,,,,,No,,,,No,No,,,"Woman, Provider, Person who helps a woman obtain abortion"
Latin America,Central America,Jalisco,20 March 2023,No,Yes,Yes,Yes,Yes,No,No,Yes,No,Yes,,,Yes,,,,,,No,,,,No,No,,,"Woman, Provider, Person who helps a woman obtain abortion"
Latin America,Central America,Mexico City,20 March 2023,Yes,No,Yes,Yes,Yes,No,No,Yes,Yes,Yes,"In cases of forced artificial insemination.

When in the opinion of two medical specialists there is sufficient reason to diagnose that the product presents genetic or congenital alterations that may result in physical or mental damage, to the limit that may jeopardize the survival of the same.

Legal interruption of pregnancy up to 12 completed weeks of gestation, with the woman claiming “unfavorable social, economic or family conditions, such as economic precariousness, being able to study in middle and high school, graduate or postgraduate schools or the dissolution of ties of family affection, among others.”
",Yes,No,,,,,,No,,,,No,No,,,"Woman, Provider, Person who helps a woman obtain abortion"
Latin America,Central America,Michoacan,20 March 2023,No,No,Yes,Yes,Yes,No,No,Yes,Yes,Yes,When the pregnancy is the result of non-consensual artificial insemination or assisted reproduction,Yes,,,,,,No,No,,,,No,No,,,"Woman, Provider, Person who helps a woman obtain abortion"
Latin America,Central America,Morelos,20 March 2023,No,Yes,No,No,No,No,No,Yes,Yes,No,When the pregnancy is the result of non-consensual artificial insemination ,,Yes,,,,,,No,,,,No,No,,,"Woman, Provider, Person who helps a woman obtain abortion"
Latin America,Central America,Nayarit,20 March 2023,No,Yes,Yes,Yes,Yes,No,No,Yes,No,Yes,,,Yes,,,,,,No,,,,No,No,,,"Woman, Provider"
Latin America,Central America,Nuevo Leon,20 March 2023,No,Yes,Yes,Yes,Yes,No,No,Yes,No,Yes,,,Yes,,,,,,No,,,,No,No,,,"Woman, Provider, Person who helps a woman obtain abortion"
Latin America,Central America,Oaxaca,20 March 2023,Yes,Yes,Yes,No,No,No,No,Yes,Yes,Yes,In cases of forced artificial insemination ,Yes,No,,,,,,No,,,,No,No,,,"Woman, Provider"
Latin America,Central America,Puebla,20 March 2023,No,Yes,No,No,No,No,No,Yes,Yes,No,,,Yes,,,,,,No,,,,No,No,,,"Woman, Provider, Person who helps a woman obtain abortion"
Latin America,Central America,Querétaro,20 March 2023,No,No,No,No,No,No,No,Yes,No,No,,,No,No,No,,,,No,,,,No,No,,,"Woman, Provider"
Latin America,Central America,Quintana Roo,20 March 2023,No,Yes,Yes,No,Yes,No,No,,Yes,Yes,,,Yes,,,,,,No,,,,No,No,,,"Woman, Provider, Person who helps a woman obtain abortion"
Latin America,Central America,San Luis Potosi,20 March 2023,No,Yes,No,No,No,No,No,Yes,No,No,Improper insemination,,Yes,,,,,,No,,,,No,No,,,"Woman, Provider, Person who helps a woman obtain abortion"
Latin America,Central America,Sinaloa,20 March 2023,Yes,Yes,Yes,Yes,Yes,No,No,Yes,Yes,Yes,,Yes,No,,No,,,,No,,,,No,No,,,"Woman, Provider"
Latin America,Central America,Sonora,20 March 2023,No,Yes,No,No,No,No,No,Yes,No,No,,,Yes,,,,,,No,,,,No,,,,"Woman, Provider"
Latin America,Central America,Tabasco,20 March 2023,No,Yes,No,No,No,No,No,Yes,No,No,Improper insemination,,Yes,,,,,,No,,,,No,No,,,"Woman, Provider"
Latin America,Central America,Tamaulipas,20 March 2023,No,Yes,Yes,No,No,No,No,Yes,No,Yes,,,Yes,,,,,,No,,,,No,No,,,"Woman, Provider, Person who helps a woman obtain abortion"
Latin America,Central America,Tlaxcala,20 March 2023,No,Yes,Yes,Yes,Yes,No,No,Yes,Yes,Yes,Non-consensual artificial insemination,,Yes,,,,,No,No,No,,,,,,,"Woman, Provider, Person who helps a woman obtain abortion"
Latin America,Central America,Veracruz,20 March 2023,Yes,Yes,Yes,Yes,Yes,No,No,Yes,Yes,Yes,The pregnancy is the result of non-consensual artificial insemination.,Yes,No,,,,,,No,,,,No,No,,,"Woman, Provider, Person who helps a woman obtain abortion"
Latin America,Central America,Yucatan,20 March 2023,No,Yes,No,No,No,No,No,Yes,Yes,No,Non-consensual artificial insemination. ,,Yes,,,,,,No,,,,No,No,,,"Woman, Provider, Person who helps a woman obtain abortion"
Latin America,Central America,Zacatecas,20 March 2023,No,Yes,Yes,Yes,Yes,No,No,Yes,No,Yes,,,Yes,,,,,,No,,,,No,No,,,"Woman, Provider, Person who helps a woman obtain abortion"
Latin America,Central America,Nicaragua,7 May 2017,No,No,No,No,No,No,No,No,No,No,     ,,,,,,,,,,,,,,,     ,"Woman, Provider, Person who helps a woman obtain abortion"
Latin America,Central America,Panama,7 May 2017,No,Yes,No,No,No,No,No,Yes,Yes,No,,Yes,Yes,Yes,,,Yes,,,,,,,Yes,,,"Woman, Provider, Person who helps a woman obtain abortion"
Latin America,South America,Paraguay,17 November 2022,No,Yes,No,No,No,No,No,No,No,No,,,,,,,,,,,,,,,,     ,"Woman, Provider, Person who helps a woman obtain abortion"
Latin America,South America,Peru,18 December 2023,No,Yes,Yes,Yes,Yes,No,No,No,No,No,     ,Yes,Yes,Yes,,,,Yes,,,,,,,,,"Woman, Provider"
Latin America,Caribbean,Saint Kitts and Nevis,7 May 2017,,,,,,,,,,,     ,,,,,,,,,,,,,,,     ,"Woman, Provider, Person who helps a woman obtain abortion"
Latin America,Caribbean,Saint Lucia,7 May 2017,,Yes,,Yes,Yes,,Yes,Yes,,,     ,Yes,Yes,,,No,Yes,No,,Yes,,,Yes,,,     ,"Woman, Provider, Person who helps a woman obtain abortion"
Latin America,Caribbean,Saint Vincent and the Grenadines,10 November 2021,,Yes,,Yes,Yes,,Yes,Yes,Yes,,Threat to physical or mental health of any existing children of her family.,,Yes,,,,Yes,,,,,,,,,,"Woman, Provider, Person who helps a woman obtain abortion"
Latin America,South America,Suriname,7 May 2017,No,No,No,No,No,No,No,No,No,No,     ,,,,,,,,,,,,,,,     ,"Woman, Provider, Person who helps a woman obtain abortion"
Latin America,Caribbean,Trinidad and Tobago,7 May 2017,,Yes,Yes,Yes,Yes,,,,,,,,No,,,,,,,,,,,,,     ,"Woman, Provider, Person who helps a woman obtain abortion"
Latin America,South America,Uruguay,18 December 2023,Yes,Yes,Yes,Yes,Yes,No,No,Yes,No,Yes,Foetal malformation incompatible with extrauterine life,Yes,Yes,No,,,No,No,,Yes,,,Yes,,,Guardian consent is required in cases of mentally disabled woman.,"Woman, Provider, Person who helps a woman obtain abortion"
Latin America,South America,Venezuela,17 November 2022,No,Yes,No,No,No,No,No,No,No,No,,Yes,,,,,,,,,,,,,,,"Woman, Provider, Person who helps a woman obtain abortion"
North America,Northern America,Canada,9 April 2020,Yes,,,,,,,,,,,Restriction Varies By Jurisdiction,No,Restriction Varies By Jurisdiction,,No,,,,,,,,,,     ,
North America,Northern America,Alberta,9 April 2020,Yes,,Yes,,Yes,,,,Yes,,"Profound foetal abnormality criterion: Where there is reliable evidence of a foetal anomaly or abnormalities, or there is a maternal condition or pregnancy complication such as severe pre-term intrauterine growth restriction, or pre-term premature rupture of membranes at pre-viable gestation, that severely impacts the foetus such that the foetus has a low probability of intact foetal survival, or is expected to progress to foetal or infant death; and/or long-term major pain and suffering; and/or severe permanent cognitive and/or physical disability. 
Foetal reduction criterion: Where multiple pregnancies have been diagnosed and it has been determined that foetal reduction will significantly decrease the likelihood of maternal perinatal mortality/morbidity or in circumstances of multiple pregnancy, where one or more of the criteria listed in the Alberta Termination of Pregnancy Policy are met for one or more but not all the foetuses.",Yes,No,No,,No,,No,,,,,,,,,
North America,Northern America,British Columbia,9 April 2020,Yes,,,,,,,,,,,,,No,,No,,No,,,,Yes,,,,,
North America,Northern America,Manitoba,9 April 2020,Yes,,,,,,,,,,,Yes,,No,,No,,,,,,,,,,,
North America,Northern America,New Brunswick,9 April 2020,Yes,,,,,,,,,,,,,,,No,Yes,,,,,,,,,,
North America,Northern America,Newfoundland and Labrador ,9 April 2020,Yes,,,,,,,,,,,,,,,No,,,,,,,,,,,
North America,Northern America,Northwest Territories,9 April 2020,Yes,,,,,,,,,,,,,,,No,,,,,,,,,,,
North America,Northern America,Nova Scotia,9 April 2020,Yes,,,,,,,,,,,Yes,,No,,No,,No,,,,,,,,,
North America,Northern America,Nunavut,9 April 2020,Yes,,,,,,,,,,,,,,,No,,,,,,,,,,,
North America,Northern America,Ontario,9 April 2020,Yes,,,,,,,,,,,,,,,No,,No,,,,,,,,,
North America,Northern America,Prince Edward Island,9 April 2020,Yes,,,,,,,,,,,,,,,No,,,,,,,,,,,
North America,Northern America,Quebec,9 April 2020,Yes,,,,,,,,,,,,,Yes,,No,,No,,,,,,,,,
North America,Northern America,United States of America,18 December 2023,Law Varies By Jurisdiction,Law Varies By Jurisdiction,Law Varies By Jurisdiction,Law Varies By Jurisdiction,Law Varies By Jurisdiction,Law Varies By Jurisdiction,Law Varies By Jurisdiction,Law Varies By Jurisdiction,Law Varies By Jurisdiction,Law Varies By Jurisdiction,,Restriction Varies By Jurisdiction,Restriction Varies By Jurisdiction,Restriction Varies By Jurisdiction,Restriction Varies By Jurisdiction,Restriction Varies By Jurisdiction,Restriction Varies By Jurisdiction,Restriction Varies By Jurisdiction,Restriction Varies By Jurisdiction,Restriction Varies By Jurisdiction,,,Restriction Varies By Jurisdiction,,Restriction Varies By Jurisdiction,,
Oceania,,Australia,07 December 2023,Law Varies By Jurisdiction,Law Varies By Jurisdiction,Law Varies By Jurisdiction,Law Varies By Jurisdiction,Law Varies By Jurisdiction,Law Varies By Jurisdiction,Law Varies By Jurisdiction,Law Varies By Jurisdiction,Law Varies By Jurisdiction,Law Varies By Jurisdiction,     ,Restriction Varies By Jurisdiction,Restriction Varies By Jurisdiction,Restriction Varies By Jurisdiction,Restriction Varies By Jurisdiction,Restriction Varies By Jurisdiction,Restriction Varies By Jurisdiction,Restriction Varies By Jurisdiction,Restriction Varies By Jurisdiction,Restriction Varies By Jurisdiction,Restriction Varies By Jurisdiction,Restriction Varies By Jurisdiction,Restriction Varies By Jurisdiction,Restriction Varies By Jurisdiction,Restriction Varies By Jurisdiction,     ,
Oceania,,Capital Territory,07 December 2023,Yes,,,,,,,,,,     ,Yes,,,,,No,,,,,,,,,     ,"Provider, Person who helps a woman obtain abortion"
Oceania,,New South Wales,07 December 2023,Yes,Yes,,,,,,,,,"According to the Reproductive Healthcare Reform Act, after 22 weeks, in considering whether a termination should be performed on a person a specialist medical practitioner must consider— 
(a)  all relevant medical circumstances, and 
(b)  the person’s current and future physical, psychological and social circumstances, and 
(c)  the professional standards and guidelines that apply to the specialist medical practitioner in relation to the performance of the termination. 
(4)  Without limiting subsection (3), the specialist medical practitioner may ask for advice about the proposed termination from a multi-disciplinary team or hospital advisory committee.   ",Yes,No,Yes,,No,No,No,,,,,,,,,"Provider, Person who helps a woman obtain abortion"
Oceania,,Northern Territory,07 December 2023,,Yes,,,,,,,,,,Yes,Yes,Yes,,,,No,,,,,,,,,Provider
Oceania,,Queensland,07 December 2023,Yes,Yes,,,,,,,,,"In an emergency, a medical practitioner may perform a termination in case of a multiple pregnancy if they consider it is necessary to save the life of another fetus.",Yes,Yes,No,No,,No,No,No,,,,,,,"After 22 weeks the medical practitioner, in  considering whether a termination should be performed on a woman,  must consider— ""(a) all relevant medical circumstances; and (b) the woman’s current and future physical, psychological and social circumstances; and (c) the professional standards and guidelines that apply to the medical practitioner in relation to the performance of the termination.""","Provider, Person who helps a woman obtain abortion"
Oceania,,South Australia,07 December 2023,Yes,Yes,,Yes,Yes,,,,Yes,,One of the mandatory considerations for medical practitioners performing terminations after 22 weeks and 6 days includes whether it is essential to perform a termination of an affected foetus in a multiple pregnancy at a gestation that does not risk severe prematurity and its attendant consequences for the surviving foetus.,Yes,No,No,,,No,No,,,,No,,,Yes,,"Provider, Person who helps a woman obtain abortion"
Oceania,,Tasmania,07 December 2023,Yes,,,Yes,Yes,,,,,,,Yes,No,No,,No,,No,,,,,,,,,"Provider, Person who helps a woman obtain abortion"
Oceania,,Victoria,07 December 2023,Yes,,,,,,,,,,Circumstances in which abortion is considered to be appropriate.,Yes,Yes,No,,,,,,,,,,,,,Provider
Oceania,,Western Australia,07 December 2023,No,No,No,Yes,Yes,No,No,No,Yes,Yes,"The woman will suffer serious personal, family or social consequences if the pregnancy is carried to term",Yes,Yes,No,,,Yes,,,,,,,,,"In the case of a dependent minor, the Health Act requires that a custodial parent has been informed that the performance of an abortion is being considered and has been given the opportunity to participate in a counselling process and in consultations between the woman and her medical practitioner as to whether the abortion is to be performed.",Provider
Oceania,Polynesia,Cook Islands,22 December 2022,,Yes,,,,,,,,,     ,,,,,,,,,,,,,,,     ,"Woman, Provider, Person who helps a woman obtain abortion"
Oceania,Melanesia,Fiji,22 December 2022,,Yes,,Yes,Yes,,Yes,Yes,Yes,,     ,Yes,No,Yes,,,Yes,,,,,,,,,,"Woman, Provider, Person who helps a woman obtain abortion"
Oceania,Melanesia,Kiribati,7 May 2017,,Yes,,,,,,,,,"Surgical operation performed upon any unborn child for the preservation of the mother's life, if the performance of the operation is reasonable, having regard to the patient's state at the time and to all the circumstances of the case.",,,,,,,,,,,,,,,     ,"Woman, Provider, Person who helps a woman obtain abortion"
Oceania,Melanesia,Marshall Islands,22 December 2022,,,,,,,,,,,,,,,,,,,,,,,,,,,
Oceania,Melanesia,Micronesia (Federated States Of),7 May 2017,,,,,,,,,,,     ,,,,,,,,,,,,,,,     ,
Oceania,Melanesia,Nauru,7 May 2017,,Yes,,,,,,,,,"Surgical operation on, or giving medical treatment to an unborn child for the preservation of the mother’s life; the operation or treatment was performed or given in good faith and with reasonable care and skill; and performing the operation or giving the treatment was reasonable, having regard to the patient’s state at the time and all the circumstances of the case.",,,,,,,,,,,,,,,     ,"Woman, Provider, Person who helps a woman obtain abortion"
Oceania,,New Zealand,08 August 2022,Yes,,,,,,,,,,,Yes,No,No,No,,,No,No,,,No,,,,,Person who helps a woman obtain abortion
Oceania,Polynesia,Niue,28 November 2022,,,,,,,,,,,,,,,,,,,,,,,,,,,"Woman, Provider, Person who helps a woman obtain abortion"
Oceania,Melanesia,Palau,7 May 2017,No,No,No,No,No,No,No,No,No,No,     ,,,,,,,,,,,,,,,     ,"Provider, Person who helps a woman obtain abortion"
Oceania,Melanesia,Papua New Guinea,14 November 2018,,Yes,,,,,,,,,"Surgical operation performed in good faith and with reasonable care and skill on… an unborn child for the preservation of the mother's life, if the performance of the operation is reasonable, having regard to the patient's state at the time and to all the circumstances of the case.",,,,,,,,,,,,,,,     ,"Woman, Provider, Person who helps a woman obtain abortion"
Oceania,Polynesia,Samoa,08 August 2022,No,Yes,No,Yes,Yes,No,No,No,No,No,"The person is contemplating suicide, very young and/or was raped.",Yes,No,,,,,,,,,,,,,,"Woman, Provider, Person who helps a woman obtain abortion"
Oceania,Melanesia,Solomon Islands,22 December 2022,,Yes,,,,,,,,,"Surgical operation performed in good faith and with reasonable care and skill upon an unborn child for the preservation of the mother's life, if the performance of the operation is reasonable, having regard to the patient's state at the time and to all the circumstances of the case.",,,,,,,,,,,,,,,,"Woman, Provider, Person who helps a woman obtain abortion"
Oceania,Polynesia,Tonga,22 April 2020,,,,,,,,,,,     ,,,,,,,,,,,,,,,     ,"Woman, Provider, Person who helps a woman obtain abortion"
Oceania,Polynesia,Tuvalu,14 November 2018,,Yes,,,,,,,,,"Medical indications. Surgical operation performed in good faith and with reasonable care and skill upon any unborn child for the preservation of the mother’s life, if the performance of the operation is reasonable, having regard to the patient’s state at the time and to all the circumstances of the case.",,,,,,,,,,,,,,,     ,"Woman, Provider, Person who helps a woman obtain abortion"
Oceania,Melanesia,Vanuatu,7 May 2017,,,,,,,,,,,If the miscarriage procured constituted a termination of pregnancy for good medical reasons,,,,,,,,,,,,,,,     ,"Woman, Provider, Person who helps a woman obtain abortion"